,url,size,new,idx
0,http://www.huffingtonpost.com/chelsea-leigh-trescott/advice-column-how-to-move_b_11995632.html,191344,1.0,0.0
1,http://dng.northjersey.com/media_server/tr/2014/04/patrickfoyesubpoena.pdf,548273,1.0,1.0
2,https://s.ytimg.com/yts/img/favicon_32-vfl8NGn4k.png,1565,1.0,2.0
3,http://archive.northjersey.com/news/bridge-scandal-papers-show-depth-of-christie-staffers-endorsement-work-1.980960,124052,1.0,3.0
4,https://mobile.twitter.com/i/nojs_router?path=%2Fpoliticalstile&lang=fr,2422,1.0,4.0
5,https://twitter.com/politicalstile?lang=es,311356,1.0,5.0
6,http://img.huffingtonpost.com/asset/74_58/587bd5f8170000880192a314.jpg,5961,1.0,6.0
7,https://pbs.twimg.com/profile_images/583753248181477377/h8oZs_tD_bigger.jpg,2995,1.0,7.0
8,http://img.huffingtonpost.com/asset/74_58/587bd5bf170000850192a313.jpg,7028,1.0,8.0
9,https://mobile.twitter.com/i/nojs_router?path=%2Fpoliticalstile&lang=en,2422,1.0,9.0
10,https://www.youtube.com/signin?next=%2F&feature=purchases&skip_identity_prompt=True&action_handle_signin=true,1336,1.0,10.0
11,http://img.huffingtonpost.com/asset/74_58/587bd2bf170000880192a312.jpg,7716,1.0,11.0
12,https://mobile.twitter.com/i/nojs_router?path=%2Fpoliticalstile&lang=ar,2422,1.0,12.0
13,http://dng.northjersey.com/media_server/tr/2014/04/williamschubersubpoena.pdf,552583,1.0,13.0
14,http://northjersey.mycapture.com/mycapture/lookup.asp?originalname=MC_110813fugitives_dngre.jpg,11838,1.0,14.0
15,https://mobile.twitter.com/i/nojs_router?path=%2Fpoliticalstile&lang=ja,2422,1.0,15.0
16,http://img.huffingtonpost.com/asset/622_350/587baf5f1200002d00ad7ada.jpeg,29145,1.0,16.0
17,https://s.ytimg.com/yts/img/favicon_48-vfl1s0rGh.png,1179,1.0,17.0
18,https://www.youtube.com/ypc_subscription_ajax,5657,1.0,18.0
19,https://mobile.twitter.com/i/nojs_router?path=%2Fpoliticalstile&lang=es,2422,1.0,19.0
20,http://northjersey.mycapture.com/mycapture/lookup.asp?originalname=MC_041314Wisniewski.jpg,11833,1.0,20.0
21,https://twitter.com/politicalstile?lang=de,312502,1.0,21.0
22,https://www.youtube.com/ypc_post_purchase_ajax,5636,1.0,22.0
23,http://www.northjersey.com/sports/,240152,1.0,23.0
24,http://www.huffingtonpost.com/lisa-cox/the-truth-about-being-a-f_b_11899920.html,176090,1.0,24.0
25,http://www.northjersey.com/media/latest/news/,125519,1.0,25.0
26,https://mobile.twitter.com/i/nojs_router?path=%2Fpoliticalstile&lang=de,2393,1.0,26.0
27,http://img.huffingtonpost.com/asset/255_143/587a7878170000880192a150.jpeg?cache=gotkrjethg,19336,1.0,27.0
28,http://www.huffingtonpost.com/amanda-richardson/how-the-fearful-child-wins_b_11778508.html,176238,1.0,28.0
29,http://img.huffingtonpost.com/asset/255_143/587a7d1c170000fa01fdea25.png?cache=3p661xrxwr,53285,1.0,29.0
30,https://www.youtube.com/watch?v=mjQvEpk-cbk&app=desktop,151749,1.0,30.0
31,https://twitter.com/politicalstile?lang=it,310703,1.0,31.0
32,https://mobile.twitter.com/i/nojs_router?path=%2Fpoliticalstile&lang=it,2393,1.0,32.0
33,https://www.youtube.com/user/NJTodayOnline,170556,1.0,33.0
34,https://twitter.com/politicalstile?lang=id,310125,1.0,34.0
35,https://mobile.twitter.com/i/nojs_router?path=%2Fpoliticalstile&lang=id,2393,1.0,35.0
36,"https://r19---sn-p5qlsnzr.googlevideo.com/videogoodput?id=o-AGOG0iuH722vK09QCFcyCbmw-jkrJVn2oU-oF6mtVos_&source=goodput&range=0-4999&expire=1484562271&ip=207.241.231.197&ms=pm&mm=35&pl=24&nh=IgpwcjAzLmlhZDA3KgkxMjcuMC4wLjE&sparams=id,source,range,expire,ip,ms,mm,pl,nh&signature=6E02FCB6A006156A129D309A2B83B2460F0925B3.301527F5F321BAB5D213A97CFB5831DE010F23F1&key=cms1",5367,1.0,36.0
37,http://www.northjersey.com/media/latest/news/avc1.42E01E/,90845,1.0,37.0
38,http://www.northjersey.com/opinion/,193870,1.0,38.0
39,http://archive.northjersey.com/news/stile-gwb-inquiry-could-propel-key-democrats-to-run-for-governor-in-2017-1.939014,120048,1.0,39.0
40,http://img.huffingtonpost.com/asset/255_143/587a7f4e170000880192a167.jpeg?cache=cltzf09wrq,12302,1.0,40.0
41,https://www.youtube.com/user/www,91676,1.0,41.0
42,https://twitter.com/politicalstile?lang=pt,311259,1.0,42.0
43,http://www.northjersey.com/blogs/,95877,1.0,43.0
44,https://s.ytimg.com/yts/img/favicon_96-vfldSA3ca.png,1938,1.0,44.0
45,http://www.huffingtonpost.com/jennifer-love/top-600-people-who-want-t_b_11656134.html,182074,1.0,45.0
46,https://s.ytimg.com/yts/img/favicon_144-vflWmzoXw.png,2670,1.0,46.0
47,https://s.ytimg.com/yts/swfbin/player-vflFRQeXu/iv_module.swf,1898,1.0,47.0
48,https://s.ytimg.com/yts/swfbin/player-vflFRQeXu/watch_as3.swf,292426,1.0,48.0
49,https://s.ytimg.com/yts/swfbin/player-vflFRQeXu/cps.swf,154810,1.0,49.0
50,https://s.ytimg.com/yts/jsbin/spf-vfl3MAOjR/spf.js,34796,1.0,50.0
51,http://www.huffingtonpost.com/sonimacom/5-phobias-you-may-not-rea_b_11571540.html,176361,1.0,51.0
52,http://www.northjersey.com/blogs/9/11/,90603,1.0,52.0
53,whois://whois.arin.net/z+%2B+54.231.169.63,3835,1.0,53.0
54,whois://whois.verisign-grs.com/domain+gdcreport.com,3221,1.0,54.0
55,https://www.youtube.com/user/www/base,91722,1.0,55.0
56,whois://whois.godaddy.com/gdcreport.com,3896,1.0,56.0
57,https://mobile.twitter.com/i/nojs_router?path=%2Fpoliticalstile&lang=pt,2393,1.0,57.0
58,http://archive.northjersey.com/news/judge-christie-ex-aides-kelly-stepien-can-withhold-documents-in-gwb-probe-1.877447,119494,1.0,58.0
59,http://www.northjersey.com/blog/meadowlands-matters/,99063,1.0,59.0
60,https://twitter.com/politicalstile?lang=ko,314487,1.0,60.0
61,https://pbs.twimg.com/profile_images/799276855777959936/_udlCZlL_bigger.jpg,3711,1.0,61.0
62,https://s.ytimg.com/yts/jsbin/www-en_US-vflb806UK/base.js,118026,1.0,62.0
63,"http://northjersey.mycapture.com/mycapture/lookup.asp?originalname=MC_Wisniewski,%20Sweeney,%20Fulop.jpg",11847,1.0,63.0
64,https://www.youtube.com/user/www/common,91625,1.0,64.0
65,http://www.huffingtonpost.com/trilby-d-johnson/ouch-that-hurt_b_11414702.html,177133,1.0,65.0
66,https://pbs.twimg.com/profile_images/560820295980707841/178Bh1om_bigger.png,3170,1.0,66.0
67,https://s.ytimg.com/yts/jsbin/www-en_US-vflb806UK/,1887,1.0,67.0
68,http://www.huffingtonpost.com/jodie-rogers/getting-comfortable-with-_2_b_10802278.html,176807,1.0,68.0
69,https://s.ytimg.com/yts/jsbin/www-reportvideo-vfl3osJ5J/www-reportvideo.js,84465,1.0,69.0
70,https://pbs.twimg.com/media/C152skcXAAEylRW.jpg,40357,1.0,70.0
71,http://www.gannett-cdn.com/-mm-/8ac1ee8693da6474469b4b00ec87857e255dd0de/c=181-0-2681-2500&r=x408&c=405x405/local/-/media/2017/01/13/Bergen/NorthJersey/636199078959393477-011317-Woodland-Park-BodyTZ3711.jpg,41098,1.0,71.0
72,https://s.ytimg.com/yts/cssbin/www-watch-reportvideo-vflP9_YQ2.css,6064,1.0,72.0
73,http://archive.northjersey.com/opinion/kelly-was-christie-kept-out-of-the-loop-1.842114,112656,1.0,73.0
74,http://northjersey.mycapture.com/mycapture/lookup.asp?originalname=MC_Stepien%20Kelly.jpg,11832,1.0,74.0
75,http://img.huffingtonpost.com/asset/5849a97c1c00001d000ea894.jpg,26578,1.0,75.0
76,http://www.gannett-cdn.com/-mm-/87047767181ac4944d3e6930b9b4bd135bd564e8/c=181-0-2681-2500&r=x63&c=60x60/local/-/media/2017/01/13/Bergen/NorthJersey/636199078959393477-011317-Woodland-Park-BodyTZ3711.jpg,2400,1.0,76.0
77,http://www.judiciary.state.nj.us/robots.txt,1398,1.0,77.0
78,http://archive.northjersey.com/news/analysis-mastro-report-on-gwb-scandal-deviates-from-federal-standards-1.842413,152701,1.0,78.0
79,http://www.gannett-cdn.com/-mm-/a1e15fbe07142f6f5693713634d6ec2a0444da13/c=504-0-3528-3024&r=x63&c=60x60/local/-/media/2017/01/13/Bergen/NorthJersey/636199070333219142-NorwoodFireCompany.JPG,2315,1.0,79.0
80,http://northjersey.mycapture.com/mycapture/lookup.asp?originalname=MC_Word%20cloud.jpg,11829,1.0,80.0
81,https://s.ytimg.com/yts/jsbin/www-pageframe-vfl9NKZjX/www-pageframe.js,250379,1.0,81.0
82,http://www.gannett-cdn.com/-mm-/2bc2204ca9e4dcdc5411a04e727cabe0753accfa/c=798-0-2400-1602&r=x63&c=60x60/local/-/media/2017/01/15/Bergen/NorthJersey/636200917481415761-TD-Bank-Robbery02.jpg,2640,1.0,82.0
83,http://www.huffingtonpost.com/anne-deeter-gallaher/anne-deeter-gallaher-and_b_10590266.html,174215,1.0,83.0
84,http://archive.northjersey.com/news/bridge-report-details-blurred-lines-in-christie-office-state-workers-by-day-campaign-volunteers-at-night-1.840168,121355,1.0,84.0
85,https://pbs.twimg.com/profile_images/712756315949498370/2b-7f8xX_bigger.jpg,3355,1.0,85.0
86,https://s.ytimg.com/yts/jsbin/www-gapi-loader-vflKX6QDu/www-gapi-loader.js,9130,1.0,86.0
87,http://www.gannett-cdn.com/-mm-/1ab1c10e775e1890e1a5e3feae246e1d86b0ca59/c=0-500-3000-3500&r=x63&c=60x60/local/-/media/2017/01/13/Bergen/NorthJersey/636199269176595406-IMG-6714.JPG,2151,1.0,87.0
88,http://northjersey.mycapture.com/mycapture/lookup.asp?originalname=MC_mowers040314.jpg,11829,1.0,88.0
89,https://www.youtube.com/user/www/angular_base,91792,1.0,89.0
90,https://pbs.twimg.com/media/C11JMbkXUAAII7f.jpg,31986,1.0,90.0
91,http://www.huffingtonpost.com/laura-huckabeejennings/shift-fear-to-excitement_b_10488700.html,174934,1.0,91.0
92,http://www.judiciary.state.nj.us/gwblaneclosure/Stepien+Kelly%20Opinion.pdf,5344904,1.0,92.0
93,http://archive.northjersey.com/news/gwb-panel-wants-transcripts-of-interviews-from-christie-commissioned-report-1.838918,110034,1.0,93.0
94,http://www.huffingtonpost.com/news/becoming-fearless/us.hpmghth,188233,1.0,94.0
95,http://northjersey.mycapture.com/mycapture/lookup.asp?originalname=MC_01272014weinberg_dngnk.jpg,11839,1.0,95.0
96,whois://whois.arin.net/z+%2B+12.33.141.60,3531,1.0,96.0
97,http://img.huffingtonpost.com/asset/255_143/587a4ce31200002008ad790b.jpg,43144,1.0,97.0
98,whois://whois.iana.org/us,1595,1.0,98.0
99,http://archive.northjersey.com/news/kelly-christie-report-renews-question-of-when-personal-lives-are-fair-game-or-out-of-bounds-1.837895,118738,1.0,99.0
100,whois://whois.nic.us/state.nj.us,6682,1.0,100.0
101,http://www.gannett-cdn.com/-mm-/d4d41d36cba00e084e5331a4417429867d2dd32d/c=450-0-2250-1800&r=x63&c=60x60/local/-/media/2017/01/10/Bergen/NorthJersey/636196582485245618-kensmith2.jpg,2149,1.0,101.0
102,http://archive.northjersey.com/opinion/kelly-1-million-report-is-pr-masterpiece-1.753531,115418,1.0,102.0
103,http://www.gannett-cdn.com/-mm-/9431a693d9eb6ca29fe6f50d4c81f9ac67b46dd3/c=506-0-3542-3036&r=x63&c=60x60/local/-/media/2017/01/15/Bergen/NorthJersey/636200857110487824-IMG-20170115-113746.jpg,2288,1.0,103.0
104,http://archive.northjersey.com/news/record-s-requests-for-documents-rejected-1.753784,106371,1.0,104.0
105,https://s.ytimg.com/yts/jsbin/www-en_US-vflb806UK/common.js,506897,1.0,105.0
106,http://www.gannett-cdn.com/-mm-/b13b3538f931c7e1cf6bfbf70a46c03da3ab085a/c=499-0-2501-2002&r=x63&c=60x60/local/-/media/2017/01/04/Bergen/NorthJersey/636191626514915946-Council-Reorganization06p.jpg,2180,1.0,106.0
107,https://mobile.twitter.com/i/nojs_router?path=%2Fpoliticalstile&lang=ko,2393,1.0,107.0
108,http://northjersey.mycapture.com/mycapture/lookup.asp?originalname=MC_050812_christie.jpg,11832,1.0,108.0
109,https://s.ytimg.com/yts/cssbin/www-pageframedelayloaded-vfldMRFJ6.css,33629,1.0,109.0
110,https://s.ytimg.com/yts/cssbin/www-guide-vflLGnXM0.css,19053,1.0,110.0
111,https://s.ytimg.com/yts/cssbin/www-highcontrastmode-vflnLZfzd.css,13619,1.0,111.0
112,http://www.northjersey.com/blog/fireandice/,96823,1.0,112.0
113,http://img.huffingtonpost.com/asset/530_298/5879339a1700002e00fde89c.jpg?f7evsaefiy,25320,1.0,113.0
114,http://archive.northjersey.com/news/analysis-some-evidence-seems-to-contradict-mastro-report-s-findings-on-christie-1.753711,118989,1.0,114.0
115,https://s.ytimg.com/yts/cssbin/www-feedprivacydialog-vfly-YupG.css,21453,1.0,115.0
116,http://www.northjersey.com/blog/varsity-aces/,97541,1.0,116.0
117,http://img.huffingtonpost.com/asset/160_90/587bfa331700002e00fdebf3.jpeg,12980,1.0,117.0
118,https://s.ytimg.com/yts/jsbin/www-searchbox-legacy-vflynBymD/www-searchbox-legacy.js,87525,1.0,118.0
119,http://archive.northjersey.com/news/stile-christie-embraces-an-embattled-samson-stands-by-general-amid-ethics-questions-1.753709,116392,1.0,119.0
120,https://s.ytimg.com/yts/jsbin/www-ypc-vflFl5jTB/www-ypc.js,130013,1.0,120.0
121,http://img.huffingtonpost.com/asset/160_90/587be2fc1700002e00fdebc2.jpeg?cache=f8epbdazon,11493,1.0,121.0
122,https://s.ytimg.com/yts/cssbin/www-ypc-vflaHNIFH.css,19586,1.0,122.0
123,http://www.northjersey.com/entertainment/,213897,1.0,123.0
124,http://img.huffingtonpost.com/asset/160_90/587bd5bf170000850192a313.jpeg,9125,1.0,124.0
125,https://twitter.com/politicalstile?lang=tr,311649,1.0,125.0
126,https://www.youtube.com/user/www/channels_accountupload,91809,1.0,126.0
127,http://www.northjersey.com/story/entertainment/theater/2017/01/15/feldberg-when-free-isnt-exactly/96493326/,119203,1.0,127.0
128,https://mobile.twitter.com/i/nojs_router?path=%2Fpoliticalstile&lang=tr,2393,1.0,128.0
129,http://www.judiciary.state.nj.us/gwblaneclosure/Kelly%20Order.pdf,78547,1.0,129.0
130,http://img.huffingtonpost.com/asset/160_90/587bd5f8170000880192a314.jpeg?cache=udk7o8ghiw,7903,1.0,130.0
131,https://www.youtube.com/user/www/channels,92603,1.0,131.0
132,http://www.gannett-cdn.com/-mm-/ce88885dd783da0883a21be7cedce7ce157dcd59/c=538-41-3032-2535&r=x63&c=60x60/local/-/media/2017/01/15/Bergen/NorthJersey/636200911145802202-IMG-20170115-112725.jpg,2662,1.0,132.0
133,http://img.huffingtonpost.com/asset/160_90/587bb3431700002e00fdeb78.jpeg?cache=djcvqhik6h,23156,1.0,133.0
134,http://www.northjersey.com/story/life/food/2017/01/12/nj-plus-size-model-emme-wants-you-love-your-body/96357684/,114617,1.0,134.0
135,http://img.huffingtonpost.com/asset/160_90/587bb539120000c301ad7aec.jpeg?cache=v1epcjv1wi,8586,1.0,135.0
136,http://northjersey.mycapture.com/mycapture/lookup.asp?originalname=MC_03282014_christie2_dngcm.jpg,11841,1.0,136.0
137,http://www.judiciary.state.nj.us/gwblaneclosure/Stepien%20Order.pdf,80744,1.0,137.0
138,https://www.youtube.com/user/www/dashboard,91772,1.0,138.0
139,http://www.gannett-cdn.com/-mm-/911f2bd1673050d2793b9a352ea44006c4f34c47/c=0-43-343-386&r=x63&c=60x60/local/-/media/2017/01/13/Bergen/NorthJersey/636199305885936125-MugShotBellevilleManArrested.jpg,1786,1.0,139.0
140,http://archive.northjersey.com/news/christie-gets-plenty-of-face-time-in-tv-interview-1.753257,104670,1.0,140.0
141,https://twitter.com/politicalstile?lang=ru,322535,1.0,141.0
142,https://www.youtube.com/user/www/downloadreports,91687,1.0,142.0
143,https://mobile.twitter.com/i/nojs_router?path=%2Fpoliticalstile&lang=ru,2393,1.0,143.0
144,http://www.northjersey.com/story/life/food/2017/01/12/korean-food-crawl-kimchi-smokes-rob-cho/96461674/,133008,1.0,144.0
145,https://twitter.com/politicalstile?lang=nl,311071,1.0,145.0
146,http://www.northjersey.com/story/entertainment/columnists/2017/01/13/ervolino-your-dog-kiss-just-kiss/96483184/,111964,1.0,146.0
147,https://www.youtube.com/user/www/experiments,91739,1.0,147.0
148,https://www.youtube.com/user/www/feed,91722,1.0,148.0
149,http://www.northjersey.com/story/entertainment/2017/01/12/cervelli-spring-broadway-season/96242352/,115268,1.0,149.0
150,http://archive.northjersey.com/news/gwb-report-a-preemptive-strike-to-isolate-bridget-kelly-her-lawyer-says-1.753703,109665,1.0,150.0
151,http://img.huffingtonpost.com/asset/160_90/587c260b1700002e00fdec3e.jpeg?cache=urpy99qcwn,6097,1.0,151.0
152,https://mobile.twitter.com/i/nojs_router?path=%2Fpoliticalstile&lang=nl,2393,1.0,152.0
153,http://www.gannett-cdn.com/-mm-/d4d41d36cba00e084e5331a4417429867d2dd32d/c=450-0-2250-1800&r=x63&c=60x60/local/-/media/2017/01/10/Bergen/NorthJersey/636196580202482985-kensmith3.jpg,2172,1.0,153.0
154,http://dng.northjersey.com/media_server/tr/2014/03/kelly/pressresponse.pdf,36358,1.0,154.0
155,https://www.youtube.com/user/www/instant,91699,1.0,155.0
156,http://northjersey.mycapture.com/mycapture/lookup.asp?originalname=MC_032914PANYNJSamson.jpg,11835,1.0,156.0
157,http://northjersey.mycapture.com/mycapture/lookup.asp?originalname=MC_032814_a_christieTVsmall60p.jpg,11844,1.0,157.0
158,http://img.huffingtonpost.com/asset/160_90/587b8d29170000fa01fdeb3b.jpeg?cache=cnxg0d791z,11509,1.0,158.0
159,https://twitter.com/politicalstile?lang=fil,311726,1.0,159.0
160,http://archive.northjersey.com/news/port-authority-chairman-david-samson-resigns-amid-gwb-probe-1.753522,126118,1.0,160.0
161,http://northjersey.mycapture.com/mycapture/lookup.asp?originalname=MC_03282014_christie1_dngcm.jpg,11841,1.0,161.0
162,https://mobile.twitter.com/i/nojs_router?path=%2Fpoliticalstile&lang=fil,2394,1.0,162.0
163,http://img.huffingtonpost.com/asset/160_90/587b8db91200002d00ad7a8e.jpeg?cache=imybtyrbw7,6038,1.0,163.0
164,http://img.huffingtonpost.com/asset/160_90/587bfb201200002d00ad7b5d.jpeg,12809,1.0,164.0
165,http://archive.northjersey.com/news/christie-unscathed-by-report-in-house-probe-faults-kelly-wildstein-1.752597,142803,1.0,165.0
166,http://northjersey.mycapture.com/mycapture/lookup.asp?originalname=MC_01152014samson_dngnk.jpg,11837,1.0,166.0
167,https://twitter.com/politicalstile?lang=ms,311690,1.0,167.0
168,http://archive.northjersey.com/news/gwb-scandal-top-dem-questions-christie-lawyers-internal-probe-that-clears-governor-1.750284,117145,1.0,168.0
169,https://mobile.twitter.com/i/nojs_router?path=%2Fpoliticalstile&lang=ms,2394,1.0,169.0
170,http://archive.northjersey.com/news/stile-governor-christie-gets-the-verdict-he-wanted-1.752914,118577,1.0,170.0
171,https://twitter.com/politicalstile?lang=zh-tw,310586,1.0,171.0
172,http://archive.northjersey.com/news/stile-battle-scarred-christie-seems-to-be-sticking-to-his-game-plan-1.749985,119387,1.0,172.0
173,http://archive.northjersey.com/news/christie-confronted-on-gwb-scandal-during-town-hall-meeting-1.746748,114320,1.0,173.0
174,http://archive.northjersey.com/news/n-j-prosecutors-shift-focus-in-gwb-probe-to-port-authority-chairman-1.745241,104612,1.0,174.0
175,https://mobile.twitter.com/i/nojs_router?path=%2Fpoliticalstile&lang=zh-tw,2393,1.0,175.0
176,http://northjersey.mycapture.com/mycapture/lookup.asp?originalname=MC_02262014wildstein_bridgetkelly_dngnk.jpg,11853,1.0,176.0
177,https://twitter.com/politicalstile?lang=zh-cn,310098,1.0,177.0
178,http://elections.huffingtonpost.com/pollster/2016-alabama-republican-presidential-primary,43161,1.0,178.0
179,http://www.huffingtonpost.com/news/becoming-fearless/2/,188953,1.0,179.0
180,http://northjersey.mycapture.com/mycapture/lookup.asp?originalname=MC_Chris%20Christie.jpg,11833,1.0,180.0
181,http://northjersey.mycapture.com/mycapture/lookup.asp?originalname=MC_121113samson_dngnk.jpg,11835,1.0,181.0
182,https://www.youtube.com/user/www/legomap,91627,1.0,182.0
183,http://www.northjersey.com/story/news/local/community/2017/01/13/local-lodi-musician-returns-california-good-cause/96540808/,111460,1.0,183.0
184,http://abcnews.go.com/robots.txt,3174,1.0,184.0
185,http://img.huffingtonpost.com/asset/160_90/587ba41d170000850192a2b4.jpeg,17290,1.0,185.0
186,http://archive.northjersey.com/news/emails-show-christie-s-ex-campaign-manager-thanked-ex-port-official-for-testimony-that-was-eventually-discredited-1.744676,118552,1.0,186.0
187,http://www.gannett-cdn.com/-mm-/33b3eba35606ec47756b948055bfdfe7cdf4e546/c=752-0-3760-3008&r=x63&c=60x60/local/-/media/2017/01/12/Bergen/NorthJersey/636198279258485021-Honiss-02.JPG,2517,1.0,187.0
188,http://dng.northjersey.com/media_server/tr/2014/03/20christie/transcript.pdf,27897,1.0,188.0
189,http://abcnews.go.com/WNT/video/diane-sawyers-exclusive-interview-chris-christie-23092214,77656,1.0,189.0
190,https://www.youtube.com/user/www/live_chat,91647,1.0,190.0
191,http://archive.northjersey.com/news/brothers-who-grew-up-with-christie-in-livingston-find-themselves-linked-in-gwb-scandal-wake-1.743991,127639,1.0,191.0
192,"http://northjersey.mycapture.com/mycapture/lookup.asp?originalname=MC_David%20Wildstein,%20Bill%20Baroni,%20Bill%20Stepien.jpg",11869,1.0,192.0
193,http://archive.northjersey.com/news/judge-in-gwb-hearing-an-experienced-hand-1.737226,104900,1.0,193.0
194,http://www.northjersey.com/videos/entertainment/2017/01/14/roots-turns-40/96554562/,101061,1.0,194.0
195,http://northjersey.mycapture.com/mycapture/lookup.asp?originalname=MC_Livingston%20High%20School.jpg,11843,1.0,195.0
196,http://archive.northjersey.com/news/stile-bridget-anne-kelly-looking-for-new-image-new-job-1.737266,110421,1.0,196.0
197,http://img.huffingtonpost.com/asset/160_90/587ba581170000880192a2bb.jpeg,11158,1.0,197.0
198,http://www.gannett-cdn.com/-mm-/8964ef8fbc54729b3e9888b274d0e5dc6116278f/c=0-0-4912-4912&r=x63&c=60x60/local/-/media/2017/01/14/Bergen/NorthJersey/636200095721153649-011417-sr-sandyh-02.jpg,2767,1.0,198.0
199,https://www.youtube.com/user/www/live_chat_moderation,91809,1.0,199.0
200,https://apis.google.com/js/client.js?onload=gapiCallback,14800,1.0,200.0
201,http://abcnews.go.com/favicon.ico,3041,1.0,201.0
202,http://cdn.optimizely.com/js/168844516.js,428099,1.0,202.0
203,http://www.northjersey.com/videos/entertainment/movies/2017/01/14/video-geremy-jasper/96498010/,101950,1.0,203.0
204,http://archive.northjersey.com/news/crime-and-courts/gwb-inquiry-on-trial-as-key-players-challenge-subpoenas-video-1.734713,120622,1.0,204.0
205,http://img.huffingtonpost.com/asset/160_90/587b93b61200002d00ad7a9f.jpeg?cache=wh3hxvnj7u,22262,1.0,205.0
206,http://northjersey.mycapture.com/mycapture/lookup.asp?originalname=MC_031214_A_Jacobson_20p.jpg,11838,1.0,206.0
207,whois://whois.arin.net/z+%2B+68.71.209.234,2262,1.0,207.0
208,https://www.youtube.com/user/www/promo_join_network,91789,1.0,208.0
209,http://archive.northjersey.com/news/gwb-investigation-undermined-if-stepien-ignores-subpoenas-lawyer-says-1.731202,99850,1.0,209.0
210,https://twitter.com/politicalstile?lang=hi,328183,1.0,210.0
211,http://img.huffingtonpost.com/asset/160_90/587ae5bc170000fa01fdeac3.jpeg?cache=zemza6s8th,9118,1.0,211.0
212,https://mobile.twitter.com/i/nojs_router?path=%2Fpoliticalstile&lang=zh-cn,2425,1.0,212.0
213,http://ondemand.abcnews.com/playback/abcnews/140327_wn_sawyer_700.mp4,40264848,1.0,213.0
214,http://northjersey.mycapture.com/mycapture/lookup.asp?originalname=MC_bridgekelly2.jpg,11829,1.0,214.0
215,https://www.youtube.com/user/www/results_harlemshake,91789,1.0,215.0
216,http://www.gannett-cdn.com/-mm-/b530def6e097b4f1891ce086cfe47a781e6c4c7f/c=0-408-2448-2856&r=x63&c=60x60/local/-/media/2017/01/11/Bergen/NorthJersey/636197501214327530-IMG-6884.JPG,2736,1.0,216.0
217,http://objects.tremormedia.com/embed/js/banners.js,6654,1.0,217.0
218,https://cdn.registerdisney.go.com/v2/outer/DisneyID.js,209075,1.0,218.0
219,http://www.gannett-cdn.com/-mm-/b584eba61d899779e306f892af1a26cff659e3e0/c=302-0-1498-1196&r=x63&c=60x60/local/-/media/2016/12/29/Bergen/NorthJersey/636186078905781163-HIGH-MOUNTAIN-ROAD-SCHOOL-9770869.JPG,2520,1.0,219.0
220,http://abcnewsplayer-a.akamaihd.net/player/2.19.0.0004/amp.premier/AkamaiPremierPlayer.swf?settings_url=http://abcnewsplayer-a.akamaihd.net/player/2.19.0.0004/amp.premier/amp.premier.flashonly.xml?sec=1&params=%7B%22playerId%22%3A%22facebookHTTP%22%7D&data_feed_url=http://abcnews.go.com/video/itemfeed?id=23092214&auto_play=true&ad_control_enabled=false,611676,1.0,220.0
221,http://vra.outbrain.com/vrs.js,26414,1.0,221.0
222,http://widgets.outbrain.com/outbrain.js,57925,1.0,222.0
223,http://www.gannett-cdn.com/-mm-/4bf20f4b447fec94c867617aea00835b7c42e156/c=691-0-3715-3024&r=x63&c=60x60/local/-/media/2017/01/13/Bergen/NorthJersey/636198645941347970-ParamusBoardOfAdj.jpg,2380,1.0,223.0
224,http://s7.addthis.com/js/250/addthis_widget.js?pub=abcnews,345120,1.0,224.0
225,http://www.huffingtonpost.com/entry/raising-my-daughter-to-be-a-warrior-of-love-and-justice_us_57dc231de4b0d5920b5b2a5e,176438,1.0,225.0
226,http://s.ntv.io/serve/load.js,191454,1.0,226.0
227,http://img.huffingtonpost.com/asset/160_90/587b897b170000850192a29d.jpeg?cache=gkmkujnlyj,23991,1.0,227.0
228,http://www.northjersey.com/story/entertainment/2017/01/12/stephen-smith-show-return-wepn-jan-13/96126088/,114509,1.0,228.0
229,https://www.youtube.com/user/www/results,91699,1.0,229.0
230,whois://whois.verisign-grs.com/domain+go.com,3258,1.0,230.0
231,https://mobile.twitter.com/i/nojs_router?path=%2Fpoliticalstile&lang=hi,2393,1.0,231.0
232,http://archive.northjersey.com/news/nj-state-news/former-port-authority-official-bill-baroni-lands-job-with-law-firm-1.731872,104130,1.0,232.0
233,whois://whois.corporatedomains.com/go.com,3729,1.0,233.0
234,http://img.huffingtonpost.com/asset/160_90/587b8f02170000880192a2a1.jpeg,11752,1.0,234.0
235,http://www.gannett-cdn.com/-mm-/c716d2a63fd1d213715d50be4eadc83afe024da5/c=912-0-3248-2336&r=x63&c=60x60/local/-/media/2017/01/13/Bergen/NorthJersey/636199481563560333-WPEnergyAggregationLetter.jpg,1854,1.0,235.0
236,http://feeds.abcnews.com/abcnews/topstories,40386,1.0,236.0
237,http://tags.bkrtx.com/js/bk-coretag.js,40735,1.0,237.0
238,http://a.abcnews.com/images/WNT/140327_wn_sawyer_16x9_992.jpg,80026,1.0,238.0
239,https://abcnews.go.com/video/twittercard?id=23092214,8308,1.0,239.0
240,https://s.abcnews.com/assets/js/prebid.min.js?v=1,108429,1.0,240.0
241,http://northjersey.mycapture.com/mycapture/lookup.asp?originalname=MC_12122013_Baroni_CMDNG.jpg,11838,1.0,241.0
242,http://go.com/,1273132,1.0,242.0
243,http://www.gannett-cdn.com/-mm-/5673608e7b04dd05997999f19dc754180b93b202/c=856-0-3359-2503&r=x63&c=60x60/local/-/media/2017/01/13/Bergen/NorthJersey/636198927098737671-011317-South-Hackensack-roadTZ3411.jpg,2041,1.0,243.0
244,http://a.abcnews.com/assets/beta/_sass/css/icons.css?v=58,15968,1.0,244.0
245,https://twitter.com/politicalstile?lang=no,309718,1.0,245.0
246,http://dng.northjersey.com/media_server/tr/2014/03/17docs/2014031720Plaintiff20Supp20Brief.pdf,1502138,1.0,246.0
247,http://abcnews.go.com/wnt/video/,66747,1.0,247.0
248,http://www.northjersey.com/story/travel/2017/01/13/schensul-ships-ahoy-2017/96078736/,120188,1.0,248.0
249,https://mobile.twitter.com/i/nojs_router?path=%2Fpoliticalstile&lang=no,2393,1.0,249.0
250,http://fonts.abcnews.com/kyb8pht.js,27869,1.0,250.0
251,http://dng.northjersey.com/media_server/tr/2014/03/17docs/201403172020Plaintiff20Supp20Cert.pdf,697462,1.0,251.0
252,http://www.northjersey.com/story/entertainment/music/2017/01/13/four-broadway-ladies-share-stage-mayo-center/96419762/,120035,1.0,252.0
253,http://www.gannett-cdn.com/-mm-/b530def6e097b4f1891ce086cfe47a781e6c4c7f/c=0-408-2448-2856&r=x63&c=60x60/local/-/media/2017/01/13/Bergen/NorthJersey/636199207190185696-IMG-3762---Copy.JPG,2469,1.0,253.0
254,http://www.northjersey.com/story/entertainment/2017/01/13/what-melania-trump-wear-inauguration/96442138/,191758,1.0,254.0
255,http://dng.northjersey.com/media_server/tr/2014/03/17docs/2014031720Exhibits20I.pdf,2415598,1.0,255.0
256,http://dng.northjersey.com/media_server/tr/2014/03/17docs/2014031720Exhibits20II.pdf,1740162,1.0,256.0
257,http://archive.northjersey.com/news/gwb-scandal-lawyer-for-former-christie-adviser-says-client-appears-to-be-focus-of-federal-investigation-1.735444,113250,1.0,257.0
258,https://twitter.com/politicalstile?lang=sv,310354,1.0,258.0
259,http://www.northjersey.com/story/tech/2017/01/13/netflix-users-beware-latest-scam-asks-personal-info/96530302/,109536,1.0,259.0
260,http://img.huffingtonpost.com/asset/160_90/587948c0170000850192a028.jpeg?cache=qwwosegkej,21800,1.0,260.0
261,https://mobile.twitter.com/i/nojs_router?path=%2Fpoliticalstile&lang=sv,2393,1.0,261.0
262,http://img.huffingtonpost.com/asset/2000_1000/587b9d571700002e00fdeb50.jpeg?cache=bpmsar32yv,224575,1.0,262.0
263,http://archive.northjersey.com/news/gwb-scandal-release-of-previously-redacted-messages-reveals-new-information-1.731391,131838,1.0,263.0
264,http://northjersey.mycapture.com/mycapture/lookup.asp?originalname=MC_02142014_christie_wildstein_bridgetkelly_dngcm.jpg,11863,1.0,264.0
265,http://abcnews.go.com/,219814,1.0,265.0
266,http://archive.northjersey.com/news/nj-state-news/christie-approval-ratings-take-another-hit-amid-gwb-controversy-poll-finds-1.663860,99462,1.0,266.0
267,http://img.huffingtonpost.com/asset/200_150/587b9d571700002e00fdeb50.jpeg?cache=bpmsar32yv,8030,1.0,267.0
268,http://www.gannett-cdn.com/-mm-/efda25690c4c7f04308b887d8c77dd2e0d50a8b4/c=1000-0-5016-4016&r=x63&c=60x60/local/-/media/2017/01/13/Bergen/NorthJersey/636199322943865470-MURALS.JPG,1954,1.0,268.0
269,https://twitter.com/politicalstile?lang=fi,312375,1.0,269.0
270,https://mobile.twitter.com/i/nojs_router?path=%2Fpoliticalstile&lang=fi,2393,1.0,270.0
271,http://js.pusher.com/2.2/pusher.min.js,48232,1.0,271.0
272,http://a.abcnews.com/assets/beta/css/page-types/header_.css?v=58,380533,1.0,272.0
273,http://dng.northjersey.com/media_server/tr/2014/03/17docs/2014031720Exhibits20III.pdf,3551795,1.0,273.0
274,http://www.huffingtonpost.com/news/sleep--wellness/,188577,1.0,274.0
275,http://northjersey.mycapture.com/mycapture/lookup.asp?originalname=MC_022714_carlebach_dngla.jpg,11839,1.0,275.0
276,http://m.huffpost.com/us/news/sleep--wellness,14685,1.0,276.0
277,http://dng.northjersey.com/media_server/tr/2014/02/26emails/wildstein1.pdf,2770525,1.0,277.0
278,http://archive.northjersey.com/news/gwb-scandal-puts-a-light-on-the-benefits-of-lobbying-1.716098,125470,1.0,278.0
279,http://northjersey.mycapture.com/mycapture/lookup.asp?originalname=MC_01212014christie34_dngnk.jpg,11841,1.0,279.0
280,http://archive.northjersey.com/news/stile-gauging-christie-s-words-on-new-terms-1.643510,122646,1.0,280.0
281,http://archive.northjersey.com/opinion/kelly-removing-secrecy-from-port-authority-1.643862,109120,1.0,281.0
282,http://www.northjersey.com/videos/entertainment/2017/01/12/melania-trump-fashion/96490270/,101337,1.0,282.0
283,http://northjersey.mycapture.com/mycapture/lookup.asp?originalname=MC_0224A_Samson_60p.jpg,11833,1.0,283.0
284,https://s.abcnews.com/assets/js/merlin-core.js?v=3.55,41162,1.0,284.0
285,https://s.abcnews.com/assets/js/merlin-ext.js?v=3.55,34360,1.0,285.0
286,http://northjersey.mycapture.com/mycapture/lookup.asp?originalname=MC_0223a_a6stile60p.jpg,11833,1.0,286.0
287,http://www.gannett-cdn.com/-mm-/45c04f813fe81d569631ce247b07b78c26e0ead1/c=114-0-887-773&r=x63&c=60x60/local/-/media/2016/12/03/Bergen/070816-bl-munbldg.jpg,2087,1.0,287.0
288,http://www.huffingtonpost.com/news/sleep--wellness/huffpost.healthy-living,188498,1.0,288.0
289,https://twitter.com/politicalstile?lang=da,309848,1.0,289.0
290,https://www.youtube.com/user/www/results_starwars,91769,1.0,290.0
291,http://abcnews.go.com/index,66764,1.0,291.0
292,http://www.gannett-cdn.com/-mm-/f8c3e9fa536ceabc3279f36ff42e62cc74122e9e/c=0-102-999-667&r=x193&c=340x190/local/-/media/2017/01/15/Bergen/NorthJersey/636200971807334999-SS-MLKmarch-12.JPG,11907,1.0,292.0
293,http://archive.northjersey.com/news/christie-lawyer-randy-mastro-ends-ties-to-port-authority-toll-lawsuit-1.701847,113107,1.0,293.0
294,http://a.abcnews.com/assets/scss/css/video.css?v=133,59006,1.0,294.0
295,http://abcnewsplayer-a.akamaihd.net/player/2.53.0.0004/amp.premier/amp.premier.min.js?v=2,475503,1.0,295.0
296,http://a.abcnews.com/assets/beta/js/lib.js?v=164,893914,1.0,296.0
297,http://a.abcnews.com/assets/beta/js/custom/pages/video.js?v=164,46991,1.0,297.0
298,http://www.huffingtonpost.com/puja-rios/me-vs-fibromyalgia-part-1_b_14135562.html,174574,1.0,298.0
299,http://www.gannett-cdn.com/-mm-/07a7ec47b9d477faad18b5181b377dcab96e2fad/c=0-377-7360-4535&r=x193&c=340x190/local/-/media/2017/01/15/Bergen/NorthJersey/636200916315464287-TD-Bank-Robbery01.JPG,16589,1.0,299.0
300,http://a.abcnews.com/assets/scss/css/videolightbox.css?v=133,1052,1.0,300.0
301,http://northjersey.mycapture.com/mycapture/lookup.asp?originalname=MC_011614randymastro_dngmvp.jpg,11841,1.0,301.0
302,http://archive.northjersey.com/news/nj-state-news/stile-frustration-boils-over-at-christie-s-town-hall-style-event-video-1.652909,116076,1.0,302.0
303,http://elections.huffingtonpost.com/pollster/2016-alaska-presidential-democratic-caucus,23695,1.0,303.0
304,http://a.abcnews.com/assets/js/min/videolightbox.js?v=164,2494,1.0,304.0
305,http://www.huffingtonpost.com/adi-gaskell/detecting-sleep-apnea-whi_b_14083570.html,169122,1.0,305.0
306,https://mobile.twitter.com/i/nojs_router?path=%2Fpoliticalstile&lang=da,2393,1.0,306.0
307,https://www.youtube.com/user/www/subscriptionmanager,91842,1.0,307.0
308,http://www.northjersey.com/story/entertainment/2017/01/12/bird-watcher-history-and-eagles-river-edge-festival/96193564/,113100,1.0,308.0
309,http://northjersey.mycapture.com/mycapture/lookup.asp?originalname=MC_0222a_a6nunziato60p.jpg,11836,1.0,309.0
310,https://twitter.com/politicalstile?lang=pl,311568,1.0,310.0
311,https://www.youtube.com/user/www/unlimited,91719,1.0,311.0
312,https://mobile.twitter.com/i/nojs_router?path=%2Fpoliticalstile&lang=pl,2393,1.0,312.0
313,https://www.youtube.com/user/www/watch,91689,1.0,313.0
314,http://www.northjersey.com/videos/entertainment/dining/2017/01/12/video-korean-food-crawl/95972722/,103397,1.0,314.0
315,https://www.youtube.com/user/www/ypc_bootstrap,91739,1.0,315.0
316,http://www.gannett-cdn.com/-mm-/c4e60f7e9e05f241c5c3a523d53e837b83baee16/c=0-272-5319-3277&r=x193&c=340x190/local/-/media/2017/01/14/Bergen/NorthJersey/636200329953894988-01-14-16-ChurchSquareDance-AMC-10.jpg,15234,1.0,316.0
317,http://a.abcnews.com/assets/js/player/sfplayer_index.js?v=164,7831,1.0,317.0
318,http://abcnewsplayer-a.akamaihd.net/player/2.53.0.0004/amp.premier/AkamaiPremierPlayer.swf?settings_url=http://abcnews.go.comhttp://abcnewsplayer-a.akamaihd.net/player/2.53.0.0004/_config/flash.xml&params=%7B%22playerId%22%3A%22facebookHTTP%22%7D&data_feed_url=http://abcnews.go.com/video/itemfeed?id=23092214,988523,1.0,318.0
319,https://twitter.com/politicalstile?lang=hu,312530,1.0,319.0
320,https://mobile.twitter.com/i/nojs_router?path=%2Fpoliticalstile&lang=hu,2393,1.0,320.0
321,http://www.northjersey.com/videos/entertainment/2017/01/11/designer-tom-ford-declined-dressing-melania-trump/96466136/,104485,1.0,321.0
322,https://www.youtube.com/user/www/ypc_core,91709,1.0,322.0
323,http://a.abcnews.com/assets/js/adCallOverride.js?v=1,1834,1.0,323.0
324,http://www.gannett-cdn.com/-mm-/343167c950a627719a70350b421fb1c86ab2e755/r=x193&c=340x190/http/videos.gannett-cdn.com/bergen/images/5114477740001/201701/3492/5114477740001_5282353212001_5282355561001-vs.jpg,14467,1.0,324.0
325,http://www.gannett-cdn.com/-mm-/b84c6e5a6f2f34f0dec5a8b88d948cde01058839/c=0-26-5753-3276&r=x193&c=340x190/local/-/media/2017/01/14/Bergen/NorthJersey/636199952509536891-Cedar-Grove-Basketball-Day.7.jpg,21101,1.0,325.0
326,https://www.youtube.com/user/www/channels_edit,91739,1.0,326.0
327,http://a.abcnews.com/assets/js/min/fw.js?v=44,14530,1.0,327.0
328,http://www.gannett-cdn.com/-mm-/1677976e38f1cc7eb58084e7ca0c866f5e9ad516/r=x93&c=160x90/http/videos.gannett-cdn.com/bergen/images/5114477740001/201701/772/5114477740001_5281494862001_5281474910001-vs.jpg,6110,1.0,328.0
329,https://twitter.com/politicalstile?lang=fa,320066,1.0,329.0
330,https://www.youtube.com/user/www/live_dashboard,91642,1.0,330.0
331,http://www.gannett-cdn.com/-mm-/1677976e38f1cc7eb58084e7ca0c866f5e9ad516/r=x93&c=160x90/http/videos.gannett-cdn.com/bergen/images/5114477740001/201701/1612/5114477740001_5281410656001_5281388739001-vs.jpg,4328,1.0,331.0
332,http://www.huffingtonpost.com/dr-travis-bradberry/10-powerful-ways-to-creat_b_13978980.html,186349,1.0,332.0
333,http://a.abcnews.com/assets/beta/js/abcn-head.js?v=164,313513,1.0,333.0
334,https://mobile.twitter.com/i/nojs_router?path=%2Fpoliticalstile&lang=fa,2393,1.0,334.0
335,http://archive.northjersey.com/news/transportation/kelly-an-apology-for-inconvenience-1.650722,112650,1.0,335.0
336,http://a.abcnews.com/assets/beta/js/abcn.js?v=164,216754,1.0,336.0
337,http://www.northjersey.com/story/entertainment/dining/health-inspections/2017/01/11/health-inspections-jan-13/96444084/,109970,1.0,337.0
338,https://twitter.com/politicalstile?lang=he,316940,1.0,338.0
339,https://mobile.twitter.com/i/nojs_router?path=%2Fpoliticalstile&lang=he,2393,1.0,339.0
340,http://elections.huffingtonpost.com/pollster/2016-arizona-presidential-democratic-primary,29779,1.0,340.0
341,http://www.huffingtonpost.com/dr-mehmet-oz/provocative-new-insights_b_14006714.html,181815,1.0,341.0
342,http://archive.northjersey.com/news/nj-state-news/christie-talks-sandy-recovery-not-scandal-at-town-hall-video-1.659038,116758,1.0,342.0
343,http://northjersey.mycapture.com/mycapture/lookup.asp?originalname=MC_0221A_christieReactRST65p.jpg,11842,1.0,343.0
344,http://archive.northjersey.com/news/nation/christie-popularity-sinking-in-ohio-poll-finds-1.652994,102153,1.0,344.0
345,http://archive.northjersey.com/news/gwb-scandal-kelly-stepien-to-fight-court-order-after-refusing-to-comply-with-subpoenas-1.679677,97643,1.0,345.0
346,http://northjersey.mycapture.com/mycapture/lookup.asp?originalname=MC_0221A_christieRST75p.jpg,11837,1.0,346.0
347,http://archive.northjersey.com/news/fort-lee-releases-thousands-of-pages-of-documents-on-gwb-to-christie-s-attorney-1.664654,97657,1.0,347.0
348,http://archive.northjersey.com/news/nj-state-news/port-authority-cop-offered-to-reroute-gwb-traffic-1.674704,114105,1.0,348.0
349,http://archive.northjersey.com/news/gwb-probe-ex-christie-campaign-manager-aide-won-t-turn-over-documents-to-legislative-panel-1.668102,105979,1.0,349.0
350,http://northjersey.mycapture.com/mycapture/lookup.asp?originalname=MC_121713christie_clinton_dngnk.jpg,11845,1.0,350.0
351,http://archive.northjersey.com/news/fort-lee-mayor-won-t-comply-with-christie-lawyer-s-request-for-information-1.660721,107066,1.0,351.0
352,http://archive.northjersey.com/news/kelly-gwb-probe-to-look-at-why-port-authority-cops-pointed-stalled-drivers-toward-fort-lee-mayor-1.693874,123042,1.0,352.0
353,http://archive.northjersey.com/news/gwb-scandal-newly-uncensored-messages-under-review-by-nj-lawmakers-1.708155,113444,1.0,353.0
354,http://northjersey.mycapture.com/mycapture/lookup.asp?originalname=MC_02052014_Stepien_kelly_dngcm.jpg,11845,1.0,354.0
355,http://archive.northjersey.com/news/gwb-scandal-port-authority-chief-wants-investigation-into-pa-cops-roles-1.670444,119912,1.0,355.0
356,http://archive.northjersey.com/news/analysis-should-fifth-amendment-protection-apply-to-documents-in-gwb-case-1.716239,113686,1.0,356.0
357,http://www.gannett-cdn.com/-mm-/1677976e38f1cc7eb58084e7ca0c866f5e9ad516/r=x93&c=160x90/http/videos.gannett-cdn.com/bergen/images/5114477740001/201701/2605/5114477740001_5278297197001_5278297271001-vs.jpg,3941,1.0,357.0
358,http://a.abcnews.com/assets/js/ua-parse.js?v=3,33669,1.0,358.0
359,https://twitter.com/politicalstile?lang=ur,317544,1.0,359.0
360,http://archive.northjersey.com/news/gwb-scandal-nj-lawmakers-want-details-about-who-edited-port-authority-exec-s-testimony-1.645793,113899,1.0,360.0
361,http://northjersey.mycapture.com/mycapture/lookup.asp?originalname=MC_0914L_RoadFtLeeGWB_kc50.jpg,11840,1.0,361.0
362,http://www.gannett-cdn.com/-mm-/48dfb976e7193c8b6199d47dc2f376933d3cbe1f/c=0-57-3200-1865&r=x93&c=160x90/local/-/media/2017/01/12/Bergen/NorthJersey/636198605140820947-County-Parks-Planning01.jpg,5833,1.0,362.0
363,https://www.youtube.com/user/www/videomanager,91739,1.0,363.0
364,http://northjersey.mycapture.com/mycapture/lookup.asp?originalname=MC_0109A_Sokolich_70p.jpg,11835,1.0,364.0
365,https://www.youtube.com/user/www/watch_autoplayrenderer,91809,1.0,365.0
366,https://mobile.twitter.com/i/nojs_router?path=%2Fpoliticalstile&lang=ur,2393,1.0,366.0
367,http://a.abcnews.com/assets/js/angular/video/desktop.js?v=52,92014,1.0,367.0
368,https://www.youtube.com/user/www/watch_edit,91719,1.0,368.0
369,http://www.northjersey.com/story/entertainment/music/2017/01/11/bon-jovis-contest-gives-artists-rare-opportunity/96447202/,110309,1.0,369.0
370,http://elections.huffingtonpost.com/pollster/2016-arkansas-democratic-presidential-primary,27997,1.0,370.0
371,http://archive.northjersey.com/news/nj-state-news/christie-administration-attorney-requests-documents-from-fort-lee-related-to-gwb-scandal-1.662892,100436,1.0,371.0
372,http://a.abcnews.com/images/Politics/wabc_christie_140327_16x9_384.jpg,16537,1.0,372.0
373,https://www.youtube.com/user/www/watch_editor,91739,1.0,373.0
374,http://abcuni.abcnews.com/progressive/98330877-5095-4ac9-9a8c-7cdcd3944274/b3384149-c4b9-41fc-b776-69e8f515ed92/076ea1a2-a35b-11e4-bfdb-005056837bc7/0/0/-1892951259/content.mp4,72194428,1.0,374.0
375,http://archive.northjersey.com/news/victims-of-gwb-lane-closures-rally-in-fort-lee-video-1.661856,108348,1.0,375.0
376,http://www.northjersey.com/story/entertainment/movies/2017/01/11/haworth-man-helps-create-new-jake-lamotta-film-bronx-bull/96244612/,117581,1.0,376.0
377,http://northjersey.mycapture.com/mycapture/lookup.asp?originalname=MC_02182014wildstein_dngnk.jpg,11840,1.0,377.0
378,http://a.abcnews.com/images/WNT/170113_wn_sawyer3_16x9_384.jpg,19429,1.0,378.0
379,https://twitter.com/politicalstile?lang=th,325532,1.0,379.0
380,http://www.gannett-cdn.com/-mm-/734a378355b0f06e443d846d7c92f2979f06371a/c=0-328-3200-2136&r=x93&c=160x90/local/-/media/2017/01/12/Bergen/NorthJersey/636198392340890377-Grewal-Oath03.jpg,5042,1.0,380.0
381,https://www.youtube.com/user/www/watch_live,91719,1.0,381.0
382,https://mobile.twitter.com/i/nojs_router?path=%2Fpoliticalstile&lang=th,2393,1.0,382.0
383,http://a.abcnews.com/images/WNT/170113_wn_bankert1_16x9_384.jpg,12228,1.0,383.0
384,http://a.abcnews.com/images/WNT/170113_wn_muir1_16x9_384.jpg,20481,1.0,384.0
385,http://archive.northjersey.com/news/scope-of-gwb-probe-expands-as-new-data-sought-on-christie-s-office-helicopter-flights-video-1.675339,119999,1.0,385.0
386,http://elections.huffingtonpost.com/pollster/2016-california-democratic-presidential-primary,53629,1.0,386.0
387,http://a.abcnews.com/images/WNT/170113_wn_index_16x9_384.jpg,13469,1.0,387.0
388,https://twitter.com/politicalstile?lang=uk,321365,1.0,388.0
389,https://www.youtube.com/user/www/watch_promos,91792,1.0,389.0
390,https://www.youtube.com/user/www/watch_speedyg,91739,1.0,390.0
391,http://archive.northjersey.com/opinion/kelly-the-long-winding-road-to-reform-at-the-port-authority-1.729499,109821,1.0,391.0
392,https://mobile.twitter.com/i/nojs_router?path=%2Fpoliticalstile&lang=uk,2393,1.0,392.0
393,http://a.abcnews.com/images/WNT/170113_wn_osunsami1_16x9_384.jpg,17074,1.0,393.0
394,http://a.abcnews.com/images/WNT/170113_wn_thomas4_16x9_384.jpg,6634,1.0,394.0
395,http://archive.northjersey.com/news/giuliani-is-christie-s-strongest-defender-amid-the-gwb-scandal-1.659875,136573,1.0,395.0
396,http://northjersey.mycapture.com/mycapture/lookup.asp?originalname=MC_02112014GWB_dngnk.jpg,11834,1.0,396.0
397,http://www.northjersey.com/story/entertainment/2017/01/11/dance-theater-of-harlem-ballet-dance-martin-luther-king-jr/96121790/,111013,1.0,397.0
398,https://twitter.com/politicalstile?lang=ca,310753,1.0,398.0
399,https://mobile.twitter.com/i/nojs_router?path=%2Fpoliticalstile&lang=ca,2393,1.0,399.0
400,http://www.northjersey.com/story/entertainment/music/2017/01/11/pink-floyd-the-wall-roger-waters-tribute-canada/96207752/,114626,1.0,400.0
401,https://twitter.com/politicalstile?lang=ga,313045,1.0,401.0
402,https://mobile.twitter.com/i/nojs_router?path=%2Fpoliticalstile&lang=ga,2393,1.0,402.0
403,http://www.northjersey.com/story/entertainment/2017/01/10/ticket-box-jason-bonham-u2-and-more/96125846/,125307,1.0,403.0
404,https://twitter.com/politicalstile?lang=el,322894,1.0,404.0
405,http://www.northjersey.com/story/money/real-estate/2017/01/10/rosie-odonnell-cuts-price-saddle-river-home/96391052/,105275,1.0,405.0
406,https://mobile.twitter.com/i/nojs_router?path=%2Fpoliticalstile&lang=el,2393,1.0,406.0
407,https://twitter.com/politicalstile?lang=eu,311124,1.0,407.0
408,https://mobile.twitter.com/i/nojs_router?path=%2Fpoliticalstile&lang=eu,2393,1.0,408.0
409,http://archive.northjersey.com/news/nj-state-news/gwb-scandal-activist-group-to-rally-call-for-christie-to-resign-if-he-knew-about-lane-closures-1.696687,107513,1.0,409.0
410,http://northjersey.mycapture.com/mycapture/lookup.asp?originalname=MC_02102014leg_dngnk.jpg,11834,1.0,410.0
411,https://twitter.com/politicalstile?lang=cs,312119,1.0,411.0
412,https://mobile.twitter.com/i/nojs_router?path=%2Fpoliticalstile&lang=cs,2393,1.0,412.0
413,https://twitter.com/politicalstile?lang=gl,311688,1.0,413.0
414,https://mobile.twitter.com/i/nojs_router?path=%2Fpoliticalstile&lang=gl,2393,1.0,414.0
415,https://twitter.com/politicalstile?lang=ro,312341,1.0,415.0
416,http://elections.huffingtonpost.com/pollster/2016-colorado-democratic-presidential-caucus,27263,1.0,416.0
417,http://archive.northjersey.com/news/nj-state-news/gwb-scandal-fort-lee-mayor-now-says-christie-campaign-courted-him-for-endorsement-1.667541,124855,1.0,417.0
418,http://northjersey.mycapture.com/mycapture/lookup.asp?originalname=MC_0209A_christieRST75p.jpg,11837,1.0,418.0
419,http://archive.northjersey.com/news/analysis-answers-on-gwb-lane-closures-have-subtle-shades-1.647357,132315,1.0,419.0
420,http://northjersey.mycapture.com/mycapture/lookup.asp?originalname=MC_01142014christie5_dngnk.jpg,11840,1.0,420.0
421,http://archive.northjersey.com/news/jackson-gop-fundraisers-a-test-of-governor-christie-s-appeal-amid-gwb-scandal-1.645971,115918,1.0,421.0
422,http://archive.northjersey.com/news/christie-staffer-resigns-amid-gwb-probe-1.692115,108991,1.0,422.0
423,http://northjersey.mycapture.com/mycapture/lookup.asp?originalname=MC_0208A_sokolichRST60p.jpg,11837,1.0,423.0
424,http://archive.northjersey.com/news/gwb-scandal-christie-knew-of-bridge-lane-closures-ex-port-authority-official-says-1.676341,131413,1.0,424.0
425,http://dng.northjersey.com/media_server/tr/2014/wild/wildsteinletter.pdf,274523,1.0,425.0
426,http://archive.northjersey.com/news/sen-weinberg-gwb-probe-will-go-wherever-the-documents-lead-us-1.673325,109862,1.0,426.0
427,http://archive.northjersey.com/news/stile-foes-take-aim-at-humbled-governor-christie-1.676720,111130,1.0,427.0
428,http://archive.northjersey.com/news/politics/jackson-gwb-scandal-casts-a-shadow-over-n-j-senate-race-1.714009,112732,1.0,428.0
429,http://a.abcnews.com/images/US/AP_baltimore-fire-02-as-170112_16x9t_384.jpg,25370,1.0,429.0
430,http://www.northjersey.com/story/entertainment/books/2017/01/10/brad-meltzer-sign-new-book-jim-henson/96357714/,114652,1.0,430.0
431,https://www.youtube.com/user/www/watch_transcript,91652,1.0,431.0
432,https://mobile.twitter.com/i/nojs_router?path=%2Fpoliticalstile&lang=ro,2393,1.0,432.0
433,http://archive.northjersey.com/opinion/kelly-who-will-be-bridgegate-s-john-dean-1.729487,109114,1.0,433.0
434,https://www.youtube.com/user/www/watch_videoshelf,91769,1.0,434.0
435,http://archive.northjersey.com/news/analysis-christie-s-approach-on-port-authority-different-from-his-handling-of-other-agencies-1.650225,121783,1.0,435.0
436,http://a.abcnews.com/images/WNT/170112_wn_zee_16x9_384.jpg,23598,1.0,436.0
437,http://www.huffingtonpost.com/puja-rios/me-vs-fibromyalgia-part-1_b_13982726.html,174713,1.0,437.0
438,http://archive.northjersey.com/news/christie-takes-a-quiet-turn-limits-appearances-as-gwb-scandal-simmers-1.660916,116504,1.0,438.0
439,http://a.abcnews.com/images/WNT/170112_wn_bruce3_16x9_384.jpg,15355,1.0,439.0
440,http://a.abcnews.com/images/WNT/170112_wn_index_16x9_384.jpg,16573,1.0,440.0
441,http://www.northjersey.com/story/entertainment/2017/01/09/local-band-thing-one-open-gin-blossoms-wellmont/96361460/,110122,1.0,441.0
442,http://a.abcnews.com/images/WNT/170112_wn_muir_16x9_384.jpg,15487,1.0,442.0
443,http://archive.northjersey.com/news/nj-state-news/gwb-scandal-port-authority-won-t-pay-legal-bills-for-david-wildstein-1.693492,106677,1.0,443.0
444,http://a.abcnews.com/images/WNT/170112_wn_karl_16x9_384.jpg,24780,1.0,444.0
445,https://twitter.com/politicalstile?lang=hr,312862,1.0,445.0
446,https://www.youtube.com/user/www/ct_advancedsearch,91779,1.0,446.0
447,http://www.huffingtonpost.com/danielle-sabrina/the-sleep-crisis-is-causi_b_13976012.html,172356,1.0,447.0
448,https://mobile.twitter.com/i/nojs_router?path=%2Fpoliticalstile&lang=hr,2393,1.0,448.0
449,http://archive.northjersey.com/news/gwb-scandal-ex-christie-aide-bridget-anne-kelly-hires-new-lawyer-1.649178,104019,1.0,449.0
450,https://www.youtube.com/user/www/my_videos,91772,1.0,450.0
451,http://northjersey.mycapture.com/mycapture/lookup.asp?originalname=MC_0126a_a7christie60p.jpg,11836,1.0,451.0
452,http://a.abcnews.com/images/WNT/170112_wn_ross_16x9_384.jpg,15100,1.0,452.0
453,http://www.northjersey.com/story/travel/2017/01/09/top-10-cool-stays-2017-lodging-travel-unusual-accommodations-hotels/96235550/,115665,1.0,453.0
454,http://archive.northjersey.com/news/politics/christie-s-favorable-rating-drops-after-gwb-controversy-poll-finds-1.666496,107944,1.0,454.0
455,http://www.huffingtonpost.com/news/sleep--wellness/us.hpmghth,188485,1.0,455.0
456,https://www.youtube.com/user/http/1.0,96563,1.0,456.0
457,http://a.abcnews.com/images/WNT/170112_wn_thomas2_16x9_384.jpg,6754,1.0,457.0
458,https://www.youtube.com/oops,21078,1.0,458.0
459,http://archive.northjersey.com/news/n-j-assembly-senate-merge-panels-investigating-gwb-scandal-1.654616,108447,1.0,459.0
460,http://a.abcnews.com/images/WNT/170111_wn_bruce_16x9_384.jpg,13374,1.0,460.0
461,http://northjersey.mycapture.com/mycapture/lookup.asp?originalname=MC_121913christie2_dngnk1.jpg,11839,1.0,461.0
462,https://twitter.com/politicalstile?lang=en-gb,309259,1.0,462.0
463,http://a.abcnews.com/images/WNT/170111_wn_index_16x9_384.jpg,12386,1.0,463.0
464,http://archive.northjersey.com/news/nj-state-news/stile-christie-s-leadership-style-has-roots-in-campus-government-1.176101,114802,1.0,464.0
465,http://a.abcnews.com/images/WNT/170111_wn_davis2_16x9_384.jpg,20815,1.0,465.0
466,http://www.northjersey.com/story/entertainment/tv/2017/01/09/ebates-motel-premiere-its-final-season-feb-20/96366174/,109061,1.0,466.0
467,https://www.youtube.com/watch?v=mS8d0FgUQFY&feature=share,152636,1.0,467.0
468,https://accounts.google.com/ServiceLogin?hl=en&passive=true&service=youtube&continue=http%3A%2F%2Fwww.youtube.com%2Fsignin%3Faction_handle_signin%3Dtrue%26next%3D%252F%26app%3Ddesktop%26hl%3Den&uilel=3,72044,1.0,468.0
469,http://northjersey.mycapture.com/mycapture/lookup.asp?originalname=MC_02012014_christiepa_dngcm.jpg,11842,1.0,469.0
470,http://a.abcnews.com/images/WNT/170111_wn_whitworth2_16x9_384.jpg,10591,1.0,470.0
471,http://archive.northjersey.com/news/port-authority-chairman-hires-former-homeland-security-chief-as-attorney-in-gwb-probe-1.654711,107058,1.0,471.0
472,http://www.northjersey.com/story/entertainment/2017/01/09/ervolino-what-does-new-iphone-cost-less-than-boat/96325710/,118560,1.0,472.0
473,http://a.abcnews.com/images/WNT/170111_wn_jarvis_16x9_384.jpg,16961,1.0,473.0
474,http://northjersey.mycapture.com/mycapture/lookup.asp?originalname=MC_010913_christie_presser_dngso4.jpg,11847,1.0,474.0
475,http://archive.northjersey.com/news/nj-state-news/christie-s-gwb-counsel-fights-to-shield-toll-files-1.645341,121152,1.0,475.0
476,http://a.abcnews.com/assets/js/s_code_15.js,66926,1.0,476.0
477,http://archive.northjersey.com/news/nj-state-news/two-sides-of-former-christie-campaign-guru-bill-stepien-highly-effective-but-personally-abrasive-1.646850,121721,1.0,477.0
478,http://northjersey.mycapture.com/mycapture/lookup.asp?originalname=MC_01082014Christie_GWB_dngnk.jpg,11843,1.0,478.0
479,https://i.ytimg.com/vi/mS8d0FgUQFY/maxresdefault.jpg,153071,1.0,479.0
480,https://mobile.twitter.com/i/nojs_router?path=%2Fpoliticalstile&lang=en-gb,2393,1.0,480.0
481,http://northjersey.mycapture.com/mycapture/lookup.asp?originalname=MC_0114A_Wildstein_RLR_40p.jpg,11840,1.0,481.0
482,https://twitter.com/politicalstile?lang=vi,313239,1.0,482.0
483,https://mobile.twitter.com/i/nojs_router?path=%2Fpoliticalstile&lang=vi,2393,1.0,483.0
484,https://twitter.com/politicalstile?lang=bn,330191,1.0,484.0
485,"https://r4---sn-a5meknel.googlevideo.com/videogoodput?id=o-ANI_YMDmlYrvlTQKkIMxKnBhBWYnIS6x3ajo6PYEUBUM&source=goodput&range=0-4999&expire=1484562611&ip=207.241.231.197&ms=pm&mm=35&pl=24&nh=IgpwcjAzLmxheDE2Kg03Mi4xNC4yMjMuMjA1&sparams=id,source,range,expire,ip,ms,mm,pl,nh&signature=0846FA318E3440F08D89CE1D5371D7C7A45161EC.1F883EBE30BDC7EDC2F3721553D61B8DF282DB28&key=cms1",5367,1.0,485.0
486,https://mobile.twitter.com/i/nojs_router?path=%2Fpoliticalstile&lang=bn,2393,1.0,486.0
487,http://www.northjersey.com/food/,211832,1.0,487.0
488,http://northjersey.mycapture.com/mycapture/lookup.asp?originalname=MC_01082014bridgetkelly_dngnk.jpg,11843,1.0,488.0
489,https://twitter.com/politicalstile?lang=bg,320602,1.0,489.0
490,https://mobile.twitter.com/i/nojs_router?path=%2Fpoliticalstile&lang=bg,2393,1.0,490.0
491,http://archive.northjersey.com/news/christie-gwb-scandal-names-of-18-served-with-subpoenas-1.699859,112736,1.0,491.0
492,https://twitter.com/politicalstile?lang=sr,319634,1.0,492.0
493,https://mobile.twitter.com/i/nojs_router?path=%2Fpoliticalstile&lang=sr,2393,1.0,493.0
494,https://twitter.com/politicalstile?lang=sk,312323,1.0,494.0
495,https://www.youtube.com/watch?v=mS8d0FgUQFY&app=desktop,152488,1.0,495.0
496,https://mobile.twitter.com/i/nojs_router?path=%2Fpoliticalstile&lang=sk,2393,1.0,496.0
497,https://i.ytimg.com/vi/mS8d0FgUQFY/default.jpg,3680,1.0,497.0
498,http://elections.huffingtonpost.com/pollster/2016-connecticut-presidential-democratic-primary,33434,1.0,498.0
499,http://dng.northjersey.com/media_server/tr/2014/01/gwbsubpoena/OFFICEOFTHEGOVERNORSUBPOENA.pdf,511625,1.0,499.0
500,https://i.ytimg.com/vi/mS8d0FgUQFY/sddefault.jpg,37383,1.0,500.0
501,http://archive.northjersey.com/news/questions-about-christie-s-mouthpiece-arise-after-he-shows-up-in-released-gwb-emails-1.674910,119553,1.0,501.0
502,http://elections.huffingtonpost.com/pollster/2016-delaware-republican-presidential-primary,23763,1.0,502.0
503,https://twitter.com/politicalstile?lang=gu,326935,1.0,503.0
504,http://northjersey.mycapture.com/mycapture/lookup.asp?originalname=MC_Christie059_011614_SU_tif_.jpg,11843,1.0,504.0
505,https://i.ytimg.com/vi/mS8d0FgUQFY/hqdefault.jpg?custom=true&w=320&h=180&stc=true&jpg444=true&jpgq=90&sp=68&sigh=gSug9eaMuTvWe4M659LzcKNeW9o,19063,1.0,505.0
506,http://www.northjersey.com/story/life/food/2017/01/13/brookside-bistro-riverdale-liquor-drink/96462744/,131352,1.0,506.0
507,http://archive.northjersey.com/news/christie-calls-on-former-u-s-attorney-rudy-giuliani-s-former-chief-of-staff-1.661377,116102,1.0,507.0
508,https://r5---sn-n4v7sn7s.googlevideo.com/videoplayback?gcr=us&sparams=clen%2Cdur%2Cei%2Cgcr%2Cgir%2Cid%2Cinitcwndbps%2Cip%2Cipbits%2Citag%2Clmt%2Cmime%2Cmm%2Cmn%2Cms%2Cmv%2Cnh%2Cpl%2Cratebypass%2Crequiressl%2Csource%2Cupn%2Cexpire&requiressl=yes&ei=o5J8WI78GtSS-gO3jarIBA&dur=0.000&id=o-ABI2-S9L2j5Hxd4_vzRgskUM5cfo1I2llmxvcUBMIoNM&mime=video%2Fwebm&nh=IgpwcjAyLnNqYzA3Kg03Mi4xNC4yMDQuMTEw&itag=43&expire=1484580611&upn=FPwoyUo5iec&mv=m&pl=20&lmt=1400647930031533&ratebypass=yes&clen=607225178&source=youtube&ip=207.241.231.197&key=yt6&mm=31&mn=sn-n4v7sn7s&ipbits=0&ms=au&mt=1484558750&gir=yes&initcwndbps=637500&signature=A696E9B69998F410DFFE6A2B397BE37352B4842B.598DF20F666BC1480E611C712123BB17601C7524,1022,1.0,508.0
509,http://archive.northjersey.com/news/u-s-sen-rockefeller-no-evidence-of-a-legitimate-traffic-study-in-port-authority-response-on-gwb-scandal-1.692566,117017,1.0,509.0
510,http://archive.northjersey.com/news/u-s-sen-rockefeller-no-evidence-of-a-legitimate-traffic-study-in-port-authority-response-on-gwb-scandal-1.692566,25470,1.0,510.0
511,https://mobile.twitter.com/i/nojs_router?path=%2Fpoliticalstile&lang=gu,2393,1.0,511.0
512,http://dng.northjersey.com/media_server/tr/2014/01/gwbsubpoena/BARONISUBPOENA.pdf,515296,1.0,512.0
513,http://northjersey.mycapture.com/mycapture/lookup.asp?originalname=MC_0109A_Weinberg_70p.jpg,11835,1.0,513.0
514,https://i.ytimg.com/vi/mS8d0FgUQFY/hqdefault.jpg,25827,1.0,514.0
515,http://archive.northjersey.com/news/former-blagojevich-prosecutor-to-work-on-inquiry-into-gwb-controversy-1.742546,117813,1.0,515.0
516,http://archive.northjersey.com/news/loyal-christie-team-s-ties-run-deep-1.665780,116591,1.0,516.0
517,http://www.northjersey.com/story/life/food/2017/01/15/portable-platter-super-bowl-snacks/96503856/,103161,1.0,517.0
518,http://northjersey.mycapture.com/mycapture/lookup.asp?originalname=MC_01192014christie_dngnk.jpg,11839,1.0,518.0
519,https://www.youtube.com/embed/vfIFR9X98U8,21992,1.0,519.0
520,https://twitter.com/politicalstile?lang=mr,331426,1.0,520.0
521,http://elections.huffingtonpost.com/pollster/2016-florida-presidential-republican-primary,128366,1.0,521.0
522,https://mobile.twitter.com/i/nojs_router?path=%2Fpoliticalstile&lang=mr,2393,1.0,522.0
523,http://www.northjersey.com/story/life/food/2017/01/15/chalkboard-slow-cooker/96501852/,103143,1.0,523.0
524,https://twitter.com/politicalstile?lang=ta,335485,1.0,524.0
525,http://dng.northjersey.com/media_server/tr/2014/01/gwbsubpoena/WILDSTEINSUBPOENA.pdf,515039,1.0,525.0
526,http://elections.huffingtonpost.com/pollster/2016-florida-presidential-democratic-primary,70010,1.0,526.0
527,http://archive.northjersey.com/news/stile-a-new-state-for-christie-under-siege-video-1.175862,106858,1.0,527.0
528,"https://r3---sn-vgqs7nl7.googlevideo.com/videogoodput?id=o-ACWzuiXiIPVE29LDFdOps4_tqcDjTv6Jedagai9rS71G&source=goodput&range=0-4999&expire=1484562627&ip=207.241.231.197&ms=pm&mm=35&pl=24&nh=IgpwZjAxLm9yZDM1Kg03Mi4xNC4yMDQuMTY5&sparams=id,source,range,expire,ip,ms,mm,pl,nh&signature=49F71CFED9E3508B5D7F4A06B9A8CB234CEF88D0.158F50FCC59D7FDEBA427F18A9B83AE6F148D3F1&key=cms1",5367,1.0,528.0
529,http://www.northjersey.com/story/life/food/2017/01/13/chicken-soup-sold-whole-foods-being-recalled/96531036/,108509,1.0,529.0
530,http://elections.huffingtonpost.com/pollster/2016-georgia-republican-presidential-primary,71920,1.0,530.0
531,https://mobile.twitter.com/i/nojs_router?path=%2Fpoliticalstile&lang=ta,2393,1.0,531.0
532,http://archive.northjersey.com/news/fort-lee-mayor-acknowledges-discussion-about-christie-endorsement-1.647995,115388,1.0,532.0
533,https://www.youtube.com/watch?v=vfIFR9X98U8,149707,1.0,533.0
534,http://northjersey.mycapture.com/mycapture/lookup.asp?originalname=MC_01192014chertoff_dngnk.jpg,11839,1.0,534.0
535,http://www.huffingtonpost.com/t/a/sponsor/posts/__SPONSOR__/12540174/sleep--wellness/click,3797,1.0,535.0
536,http://dng.northjersey.com/media_server/tr/2014/01/gwbsubpoena/COMELLASUBPOENA.pdf,511746,1.0,536.0
537,http://elections.huffingtonpost.com/pollster/2016-georgia-democratic-presidential-primary,40459,1.0,537.0
538,http://www.huffingtonpost.com/t/a/sponsor/posts/__SPONSOR__/12540174/sleep--wellness/view,3796,1.0,538.0
539,https://twitter.com/politicalstile?lang=kn,331852,1.0,539.0
540,http://northjersey.mycapture.com/mycapture/lookup.asp?originalname=MC_0117A_Mastro_50p.jpg,11833,1.0,540.0
541,http://www.northjersey.com/story/life/food/2017/01/12/key-lime-juice-baking-and-beverages/96504134/,103857,1.0,541.0
542,http://elections.huffingtonpost.com/pollster/2016-idaho-republican-presidential-primary,24987,1.0,542.0
543,http://dng.northjersey.com/media_server/tr/2014/01/gwbsubpoena/REEDSUBPOENA.pdf,507086,1.0,543.0
544,http://www.northjersey.com/story/entertainment/dining/2017/01/13/new-restaurants-look-forward-2017/95796284/,124247,1.0,544.0
545,https://mobile.twitter.com/i/nojs_router?path=%2Fpoliticalstile&lang=kn,2393,1.0,545.0
546,http://northjersey.mycapture.com/mycapture/lookup.asp?originalname=MC_0118A_christieRST65p.jpg,11837,1.0,546.0
547,http://www.huffingtonpost.com/t/a/sponsor/posts/__SPONSOR__/11217180/sleep--wellness/click,3797,1.0,547.0
548,https://www.youtube.com/embed/WUKZCOXPt_I,21086,1.0,548.0
549,https://twitter.com/i/profiles/show/PoliticalStile/timeline/with_replies?include_available_features=1&include_entities=1&max_position=820732267114983427,243188,1.0,549.0
550,http://www.northjersey.com/story/life/food/2017/01/12/chocolate-stadium-sweet-super-bowl-party/96501520/,105054,1.0,550.0
551,http://northjersey.mycapture.com/mycapture/lookup.asp?originalname=MC_011614_COMBOGWBSUB_dngcm.jpg,11841,1.0,551.0
552,https://www.youtube.com/watch?v=WUKZCOXPt_I,41243,1.0,552.0
553,http://www.huffingtonpost.com/t/a/sponsor/posts/__SPONSOR__/11217180/sleep--wellness/view,3796,1.0,553.0
554,http://northjersey.mycapture.com/mycapture/lookup.asp?originalname=MC_0116A_drewniak2RST75p.jpg,11838,1.0,554.0
555,https://www.youtube.com/watch?v=mS8d0FgUQFY,152412,1.0,555.0
556,https://twitter.com/i/profiles/show/PoliticalStile/timeline?include_available_features=1&include_entities=1&max_position=820732267114983427,244135,1.0,556.0
557,http://archive.northjersey.com/news/justification-for-gwb-study-was-flawed-from-the-start-1.694698,144320,1.0,557.0
558,http://www.northjersey.com/story/life/food/2017/01/10/nyc-restaurant-week-reservations-now-open/96370380/,105338,1.0,558.0
559,http://elections.huffingtonpost.com/pollster/2016-illinois-presidential-democratic-primary,34604,1.0,559.0
560,http://northjersey.mycapture.com/mycapture/lookup.asp?originalname=MC_Rockefeller+Wont+Run.jpg,11837,1.0,560.0
561,http://www.youtube.com/oembed?format=xml&url=https%3A%2F%2Fwww.youtube.com%2Fwatch%3Fv%3DmS8d0FgUQFY,1062,1.0,561.0
562,http://archive.northjersey.com/news/gwb-probe-targets-christie-s-office-renewal-of-subpoena-power-expected-1.668179,136375,1.0,562.0
563,http://northjersey.mycapture.com/mycapture/lookup.asp?originalname=MC_GWBconnections.jpg,11831,1.0,563.0
564,http://www.northjersey.com/story/life/food/2017/01/11/black-rebel-burger-no-more/96460096/,103438,1.0,564.0
565,http://northjersey.mycapture.com/mycapture/lookup.asp?originalname=MC_0110A_Sokolich_60p_RGB.jpg,11839,1.0,565.0
566,http://www.northjersey.com/story/life/food/2017/01/10/hummus-movie-screening-teaneck/96210236/,103967,1.0,566.0
567,http://archive.northjersey.com/news/kelly-unlikely-pair-emerge-as-christie-adversaries-1.680617,121135,1.0,567.0
568,https://www.youtube.com/watch?v=mS8d0FgUQFY&feature=applinks,152615,1.0,568.0
569,http://archive.northjersey.com/news/watergate-parallels-are-clear-in-gwb-scandal-but-differences-are-vast-1.690405,124060,1.0,569.0
570,http://northjersey.mycapture.com/mycapture/lookup.asp?originalname=MC_121813port_dngnk.jpg,11833,1.0,570.0
571,http://www.northjersey.com/story/life/food/2017/01/10/new-vietnamese-thai-restaurant-coming-edgewater/96208142/,105368,1.0,571.0
572,https://twitter.com/GovChristie/status/594209357002334208,291347,1.0,572.0
573,http://northjersey.mycapture.com/mycapture/lookup.asp?originalname=MC_011314ftleelanesmap_dngmvp1.jpg,11844,1.0,573.0
574,https://www.youtube.com/embed/mS8d0FgUQFY,21870,1.0,574.0
575,http://dng.northjersey.com/media_server/tr/2014/01/gwbsubpoena/DREWNIAKSUBPOENA.pdf,517035,1.0,575.0
576,http://elections.huffingtonpost.com/pollster/2016-indiana-democratic-presidential-primary,28001,1.0,576.0
577,http://archive.northjersey.com/news/nj-state-news/christie-aide-bridget-kelly-was-messaging-about-gwb-lane-closures-on-day-she-accompanied-christie-to-seaside-fire-documents-show-1.741479,112075,1.0,577.0
578,http://www.northjersey.com/story/life/food/2017/01/10/spuntino-wine-bar-italian-tapas-piedmont-menu/96215952/,103987,1.0,578.0
579,http://www.huffingtonpost.com/t/a/sponsor/posts/__SPONSOR__/13947442/sleep--wellness/click,3797,1.0,579.0
580,"https://r13---sn-4g57knsy.googlevideo.com/videogoodput?id=o-AAMeb21OSqX-R1NQaXk6PDZYNauZ101YTQR9jzgsKhz-&source=goodput&range=0-4999&expire=1484562660&ip=207.241.231.197&ms=pm&mm=35&pl=24&nh=IgpwZjAxLmZyYTE2Kgw3Ny42Ny43NS4yMzM&sparams=id,source,range,expire,ip,ms,mm,pl,nh&signature=836CD6DD9B6AC01AEAA758E33B3C314B5559D570.4754310A14B03B56DAA313D7BD1ED77F4E09F93E&key=cms1",5367,1.0,580.0
581,https://www.youtube.com/v/mS8d0FgUQFY?version=3&autohide=1,5297,1.0,581.0
582,http://www.huffingtonpost.com/t/a/sponsor/posts/__SPONSOR__/13947442/sleep--wellness/view,3796,1.0,582.0
583,"https://r5---sn-a5meknl7.googlevideo.com/videoplayback?gcr=us&sparams=clen,dur,ei,expire,gcr,gir,id,initcwndbps,ip,ipbits,itag,lmt,mime,mm,mn,ms,mv,nh,pl,ratebypass,requiressl,source,upn&requiressl=yes&ei=o5J8WI78GtSS-gO3jarIBA&dur=0.000&id=o-ABI2-S9L2j5Hxd4_vzRgskUM5cfo1I2llmxvcUBMIoNM&mime=video%2Fwebm&itag=43&expire=1484580611&upn=FPwoyUo5iec&pl=20&lmt=1400647930031533&ratebypass=yes&clen=607225178&source=youtube&ip=207.241.231.197&key=cms1&ipbits=0&gir=yes&signature=0F85116AA5CA4A10BDD365220F46AF54EE21FB06.0F365E05403FC58CB2EEEB4778BDFDE81B13F422&redirect_counter=1&cm2rm=sn-n4vez76&req_id=e2f4c698abe9a3ee&cms_redirect=yes&mm=34&mn=sn-a5meknl7&ms=ltu&mt=1484558904&mv=m&nh=IgpwcjAyLnNqYzA3KgkxMjcuMC4wLjE",607225537,1.0,583.0
584,"https://r1---sn-4g5e6nle.googlevideo.com/videogoodput?id=o-AN_K4jbVGwtxCWbMKO48Jep-kTEWs_KNGlJ5sIS5K1xy&source=goodput&range=0-4999&expire=1484562667&ip=207.241.231.197&ms=pm&mm=35&pl=24&nh=IgpwZjAxLmZyYTE2Kg4xOTUuMjIuMjExLjExNA&sparams=id,source,range,expire,ip,ms,mm,pl,nh&signature=2A1C8C0F1DB696C76BF5860E49C6F5BECA2D3275.5AC87C32EA6356BF55BD2B535CAD5202FC714CE7&key=cms1",5367,1.0,584.0
585,http://www.gannett-cdn.com/-mm-/793bc48c9a1146ff7aa782746ecf3aa09bb47933/c=0-0-2344-1325&r=x237&c=360x234/local/-/media/2017/01/15/Bergen/NorthJersey/636201116501516816-Devils-Canucks-Hockey-njha.jpg,22101,1.0,585.0
586,https://mobile.twitter.com/i/nojs_router?path=%2FGovChristie%2Fstatus%2F594209357002334208,2416,1.0,586.0
587,https://r5---sn-n4v7sn7s.googlevideo.com/videoplayback?source=youtube&requiressl=yes&sparams=clen%2Cdur%2Cei%2Cgcr%2Cgir%2Cid%2Cinitcwndbps%2Cip%2Cipbits%2Citag%2Clmt%2Cmime%2Cmm%2Cmn%2Cms%2Cmv%2Cnh%2Cpl%2Cratebypass%2Crequiressl%2Csource%2Cupn%2Cexpire&gcr=us&gir=yes&clen=607225178&nh=IgpwcjAyLnNqYzA3Kg03Mi4xNC4yMDQuMTEw&ratebypass=yes&dur=0.000&lmt=1400647930031533&key=yt6&mime=video%2Fwebm&ei=s5J8WJinLdTt-QP-oJDYDA&expire=1484580627&upn=6DH4tER1faw&signature=784D0111E020B9CF67C18FA0AB934037ADBE8291.0A65140EF1A4243FBBD5D5DDB1780A38BE4D4977&mn=sn-n4v7sn7s&initcwndbps=637500&itag=43&ip=207.241.231.197&mm=31&ipbits=0&id=o-AL6ZyCpYL3pMsodqV6Yg7oT6Ol90PS_qECKksWQILksV&pl=20&ms=au&mv=m&mt=1484558750,607225537,1.0,587.0
